{"cameraMode":{"drawMode":0,"name":"Shaded","section":"Shading Mode"},"sceneLighting":true,"audioPlay":false,"sceneViewState":{"m_AlwaysRefresh":false,"showFog":true,"showSkybox":true,"showFlares":true,"showImageEffects":true,"showParticleSystems":true,"showVisualEffectGraphs":true,"m_FxEnabled":true},"in2DMode":false,"pivot":{"x":-5.7079548835754398,"y":0.04271841049194336,"z":13.464003562927246},"rotation":{"x":0.3968764841556549,"y":0.5753245949745178,"z":-0.3749014437198639,"w":0.6091062426567078},"size":5.449230670928955,"orthographic":false}